,Brand_Name,Turnover
50,tesla,9128517724.686611
8,apple,5373250079.511589
36,nvidia,3958805107.472538
4,amazon,3345749008.5467505
31,microsoft,2864484772.772495
