,Country,Daily_Return
0,canada,0.0023363931298866288
1,switzerland,0.0009484516599090002
2,usa,0.0007568851406617631
3,france,0.0007177564255652033
4,germany,0.0005119369505108016
5,netherlands,0.0003824740351083877
6,japan,0.0003741178603604123
